title,preview
Media Get a Close-Up of NASA's Mars 2020 Rover,The clean room at NASA's Jet Propulsion Laboratory was open to the media to see NASA's next Mars explorer before it leaves for Florida in preparation for a summertime launch.
Global Storms on Mars Launch Dust Towers Into the Sky,"A Mars Dust Tower Stands Out Dust storms are common on Mars. But every decade or so, something unpredictable happens: a series of runaway storms break out, covering the entire planet in a dusty haze."
The MarCO Mission Comes to an End,The pair of briefcase-sized satellites made history when they sailed past Mars in 2019.
NASA's MAVEN Explores Mars to Understand Radio Interference at Earth,NASA’s MAVEN spacecraft has discovered “layers” and “rifts” in the electrically charged part of the upper atmosphere of Mars.
Robotic Toolkit Added to NASA's Mars 2020 Rover,"The bit carousel, which lies at the heart of the rover's Sample Caching System, is now aboard NASA's newest rover."
Mars Is Getting a New Robotic Meteorologist,Sensors on NASA's Perseverance will help prepare for future human exploration by taking weather measurements and studying dust particles.
"My Culture, My Voice","In honor of Hispanic Heritage Month, Christina Hernandez, an instrument engineer on the Mars 2020 mission, talks about her childhood and journey to NASA."
Mars 2020 Stands on Its Own Six Wheels,"In time-lapse video, taken at JPL, captures the first time NASA's Mars 2020 rover carries its full weight on its legs and wheels."
Mars InSight Lander to Push on Top of the 'Mole',"Engineers have a plan for pushing down on the heat probe, which has been stuck at the Martian surface for a year."
HiRISE Views NASA's InSight and Curiosity on Mars,New images taken from space offer the clearest orbital glimpse yet of InSight as well as a view of Curiosity rolling along.
How NASA's Perseverance Mars Team Adjusted to Work in the Time of Coronavirus,"Like much of the rest of the world, the Mars rover team is pushing forward with its mission-critical work while putting the health and safety of their colleagues and community first."
NASA's Perseverance Mars Rover Gets Balanced,The mission team performed a crucial weight-balancing test on the rover in preparation for this summer's history-making launch to the Red Planet.
NASA Updates Mars 2020 Mission Environmental Review,NASA and the Department of Energy have completed a more detailed risk analysis for the Mars 2020 rover launch from Florida.
NASA's Mars 2020 Rover Completes Its First Drive,"In a 10-plus-hour marathon, the rover steered, turned and drove in 3-foot (1-meter) increments over small ramps."
Naming a NASA Mars Rover Can Change Your Life,Want to name the robotic scientist NASA is sending to Mars in 2020? The student who named Curiosity — the rover currently exploring Mars — will tell you this is an opportunity worth taking.
